{
  "meta": {
    "num_classes": 6,
    "input_shape": [
      9,
      128
    ]
  },
  "train_distribution": {
    "0": 981,
    "3": 1029,
    "5": 1125,
    "4": 1099,
    "2": 789,
    "1": 858
  },
  "test_distribution": {
    "4": 532,
    "3": 491,
    "5": 537,
    "0": 496,
    "2": 420,
    "1": 471
  },
  "majority": {
    "class": 5,
    "accuracy": 0.18221920597217509,
    "f1_macro": 0.05137772675086108
  },
  "random": {
    "trials": 200,
    "accuracy_mean": 0.1666762809636919,
    "accuracy_std": 0.0067617205238555845,
    "f1_macro_mean": 0.1663501952457322,
    "f1_macro_std": 0.006781950422869213
  }
}